DROP TABLE IF EXISTS Esercizi;
CREATE TABLE Esercizi (IdEsercizio INTEGER NOT NULL, Descrizione TEXT, PRIMARY KEY  AUTO_INCREMENT);
INSERT INTO Esercizi VALUES(1,'Tutti i verbi');
INSERT INTO Esercizi VALUES(2,'Verbi comuni');
DROP TABLE IF EXISTS VerbiEsercizi;
CREATE TABLE VerbiEsercizi (IdVerbo INTEGER NOT NULL , IdEsercizio INTEGER NOT NULL , PRIMARY KEY (IdVerbo, IdEsercizio));
INSERT INTO VerbiEsercizi VALUES(1,1);
INSERT INTO VerbiEsercizi VALUES(2,1);
INSERT INTO VerbiEsercizi VALUES(3,1);
INSERT INTO VerbiEsercizi VALUES(4,1);
INSERT INTO VerbiEsercizi VALUES(5,1);
INSERT INTO VerbiEsercizi VALUES(6,1);
INSERT INTO VerbiEsercizi VALUES(7,1);
INSERT INTO VerbiEsercizi VALUES(8,1);
INSERT INTO VerbiEsercizi VALUES(9,1);
INSERT INTO VerbiEsercizi VALUES(10,1);
INSERT INTO VerbiEsercizi VALUES(11,1);
INSERT INTO VerbiEsercizi VALUES(12,1);
INSERT INTO VerbiEsercizi VALUES(13,1);
INSERT INTO VerbiEsercizi VALUES(14,1);
INSERT INTO VerbiEsercizi VALUES(15,1);
INSERT INTO VerbiEsercizi VALUES(16,1);
INSERT INTO VerbiEsercizi VALUES(17,1);
INSERT INTO VerbiEsercizi VALUES(18,1);
INSERT INTO VerbiEsercizi VALUES(19,1);
INSERT INTO VerbiEsercizi VALUES(20,1);
INSERT INTO VerbiEsercizi VALUES(21,1);
INSERT INTO VerbiEsercizi VALUES(22,1);
INSERT INTO VerbiEsercizi VALUES(23,1);
INSERT INTO VerbiEsercizi VALUES(24,1);
INSERT INTO VerbiEsercizi VALUES(25,1);
INSERT INTO VerbiEsercizi VALUES(26,1);
INSERT INTO VerbiEsercizi VALUES(27,1);
INSERT INTO VerbiEsercizi VALUES(28,1);
INSERT INTO VerbiEsercizi VALUES(29,1);
INSERT INTO VerbiEsercizi VALUES(30,1);
INSERT INTO VerbiEsercizi VALUES(31,1);
INSERT INTO VerbiEsercizi VALUES(32,1);
INSERT INTO VerbiEsercizi VALUES(33,1);
INSERT INTO VerbiEsercizi VALUES(34,1);
INSERT INTO VerbiEsercizi VALUES(35,1);
INSERT INTO VerbiEsercizi VALUES(36,1);
INSERT INTO VerbiEsercizi VALUES(37,1);
INSERT INTO VerbiEsercizi VALUES(38,1);
INSERT INTO VerbiEsercizi VALUES(39,1);
INSERT INTO VerbiEsercizi VALUES(40,1);
INSERT INTO VerbiEsercizi VALUES(41,1);
INSERT INTO VerbiEsercizi VALUES(42,1);
INSERT INTO VerbiEsercizi VALUES(43,1);
INSERT INTO VerbiEsercizi VALUES(44,1);
INSERT INTO VerbiEsercizi VALUES(45,1);
INSERT INTO VerbiEsercizi VALUES(46,1);
INSERT INTO VerbiEsercizi VALUES(47,1);
INSERT INTO VerbiEsercizi VALUES(48,1);
INSERT INTO VerbiEsercizi VALUES(49,1);
INSERT INTO VerbiEsercizi VALUES(50,1);
INSERT INTO VerbiEsercizi VALUES(51,1);
INSERT INTO VerbiEsercizi VALUES(52,1);
INSERT INTO VerbiEsercizi VALUES(53,1);
INSERT INTO VerbiEsercizi VALUES(54,1);
INSERT INTO VerbiEsercizi VALUES(55,1);
INSERT INTO VerbiEsercizi VALUES(56,1);
INSERT INTO VerbiEsercizi VALUES(57,1);
INSERT INTO VerbiEsercizi VALUES(58,1);
INSERT INTO VerbiEsercizi VALUES(59,1);
INSERT INTO VerbiEsercizi VALUES(60,1);
INSERT INTO VerbiEsercizi VALUES(61,1);
INSERT INTO VerbiEsercizi VALUES(62,1);
INSERT INTO VerbiEsercizi VALUES(63,1);
INSERT INTO VerbiEsercizi VALUES(64,1);
INSERT INTO VerbiEsercizi VALUES(65,1);
INSERT INTO VerbiEsercizi VALUES(66,1);
INSERT INTO VerbiEsercizi VALUES(67,1);
INSERT INTO VerbiEsercizi VALUES(68,1);
INSERT INTO VerbiEsercizi VALUES(69,1);
INSERT INTO VerbiEsercizi VALUES(70,1);
INSERT INTO VerbiEsercizi VALUES(71,1);
INSERT INTO VerbiEsercizi VALUES(72,1);
INSERT INTO VerbiEsercizi VALUES(73,1);
INSERT INTO VerbiEsercizi VALUES(74,1);
INSERT INTO VerbiEsercizi VALUES(75,1);
INSERT INTO VerbiEsercizi VALUES(76,1);
INSERT INTO VerbiEsercizi VALUES(77,1);
INSERT INTO VerbiEsercizi VALUES(78,1);
INSERT INTO VerbiEsercizi VALUES(79,1);
INSERT INTO VerbiEsercizi VALUES(80,1);
INSERT INTO VerbiEsercizi VALUES(81,1);
INSERT INTO VerbiEsercizi VALUES(82,1);
INSERT INTO VerbiEsercizi VALUES(83,1);
INSERT INTO VerbiEsercizi VALUES(84,1);
INSERT INTO VerbiEsercizi VALUES(85,1);
INSERT INTO VerbiEsercizi VALUES(86,1);
INSERT INTO VerbiEsercizi VALUES(87,1);
INSERT INTO VerbiEsercizi VALUES(88,1);
INSERT INTO VerbiEsercizi VALUES(89,1);
INSERT INTO VerbiEsercizi VALUES(90,1);
INSERT INTO VerbiEsercizi VALUES(91,1);
INSERT INTO VerbiEsercizi VALUES(92,1);
INSERT INTO VerbiEsercizi VALUES(93,1);
INSERT INTO VerbiEsercizi VALUES(94,1);
INSERT INTO VerbiEsercizi VALUES(95,1);
INSERT INTO VerbiEsercizi VALUES(96,1);
INSERT INTO VerbiEsercizi VALUES(97,1);
INSERT INTO VerbiEsercizi VALUES(98,1);
INSERT INTO VerbiEsercizi VALUES(99,1);
INSERT INTO VerbiEsercizi VALUES(100,1);
INSERT INTO VerbiEsercizi VALUES(101,1);
INSERT INTO VerbiEsercizi VALUES(102,1);
INSERT INTO VerbiEsercizi VALUES(103,1);
INSERT INTO VerbiEsercizi VALUES(104,1);
INSERT INTO VerbiEsercizi VALUES(105,1);
INSERT INTO VerbiEsercizi VALUES(106,1);
INSERT INTO VerbiEsercizi VALUES(107,1);
INSERT INTO VerbiEsercizi VALUES(108,1);
INSERT INTO VerbiEsercizi VALUES(109,1);
INSERT INTO VerbiEsercizi VALUES(110,1);
INSERT INTO VerbiEsercizi VALUES(111,1);
INSERT INTO VerbiEsercizi VALUES(112,1);
INSERT INTO VerbiEsercizi VALUES(113,1);
INSERT INTO VerbiEsercizi VALUES(114,1);
INSERT INTO VerbiEsercizi VALUES(115,1);
INSERT INTO VerbiEsercizi VALUES(116,1);
INSERT INTO VerbiEsercizi VALUES(117,1);
INSERT INTO VerbiEsercizi VALUES(118,1);
INSERT INTO VerbiEsercizi VALUES(119,1);
INSERT INTO VerbiEsercizi VALUES(120,1);
INSERT INTO VerbiEsercizi VALUES(121,1);
INSERT INTO VerbiEsercizi VALUES(122,1);
INSERT INTO VerbiEsercizi VALUES(123,1);
INSERT INTO VerbiEsercizi VALUES(124,1);
INSERT INTO VerbiEsercizi VALUES(125,1);
INSERT INTO VerbiEsercizi VALUES(126,1);
INSERT INTO VerbiEsercizi VALUES(127,1);
INSERT INTO VerbiEsercizi VALUES(128,1);
INSERT INTO VerbiEsercizi VALUES(129,1);
INSERT INTO VerbiEsercizi VALUES(130,1);
INSERT INTO VerbiEsercizi VALUES(131,1);
INSERT INTO VerbiEsercizi VALUES(132,1);
INSERT INTO VerbiEsercizi VALUES(133,1);
INSERT INTO VerbiEsercizi VALUES(134,1);
INSERT INTO VerbiEsercizi VALUES(135,1);
INSERT INTO VerbiEsercizi VALUES(136,1);
INSERT INTO VerbiEsercizi VALUES(137,1);
INSERT INTO VerbiEsercizi VALUES(67,2);
INSERT INTO VerbiEsercizi VALUES(66,2);
INSERT INTO VerbiEsercizi VALUES(55,2);
INSERT INTO VerbiEsercizi VALUES(52,2);
INSERT INTO VerbiEsercizi VALUES(51,2);
INSERT INTO VerbiEsercizi VALUES(50,2);
INSERT INTO VerbiEsercizi VALUES(41,2);
INSERT INTO VerbiEsercizi VALUES(31,2);
INSERT INTO VerbiEsercizi VALUES(28,2);
INSERT INTO VerbiEsercizi VALUES(21,2);
INSERT INTO VerbiEsercizi VALUES(26,2);
INSERT INTO VerbiEsercizi VALUES(25,2);
INSERT INTO VerbiEsercizi VALUES(7,2);
INSERT INTO VerbiEsercizi VALUES(6,2);
INSERT INTO VerbiEsercizi VALUES(3,2);
INSERT INTO VerbiEsercizi VALUES(137,2);
INSERT INTO VerbiEsercizi VALUES(128,2);
INSERT INTO VerbiEsercizi VALUES(127,2);
INSERT INTO VerbiEsercizi VALUES(124,2);
INSERT INTO VerbiEsercizi VALUES(105,2);
INSERT INTO VerbiEsercizi VALUES(101,2);
INSERT INTO VerbiEsercizi VALUES(100,2);
INSERT INTO VerbiEsercizi VALUES(95,2);
INSERT INTO VerbiEsercizi VALUES(87,2);
INSERT INTO VerbiEsercizi VALUES(84,2);
INSERT INTO VerbiEsercizi VALUES(80,2);
INSERT INTO VerbiEsercizi VALUES(79,2);
INSERT INTO VerbiEsercizi VALUES(78,2);
INSERT INTO VerbiEsercizi VALUES(75,2);
INSERT INTO VerbiEsercizi VALUES(72,2);
DROP TABLE IF EXISTS VerbiInglesi;
CREATE TABLE VerbiInglesi (IdVerb INTEGER PRIMARY KEY  NOT NULL ,Infinitive TEXT,PastTense TEXT,PastParticiple TEXT,InfItaliano TEXT,InfDeutsch TEXT);
INSERT INTO VerbiInglesi VALUES(1,'arise','arose','arisen','sorgere,alzarsi',NULL);
INSERT INTO VerbiInglesi VALUES(2,'awake','awoke','awoken','svegliare,svegliarsi',NULL);
INSERT INTO VerbiInglesi VALUES(3,'be','was,were','been','essere',NULL);
INSERT INTO VerbiInglesi VALUES(4,'bear','bore','bore','portare,trasportare,dar vita',NULL);
INSERT INTO VerbiInglesi VALUES(5,'beat','beat','beaten','battere,picchiare',NULL);
INSERT INTO VerbiInglesi VALUES(6,'become','became ','become','diventare',NULL);
INSERT INTO VerbiInglesi VALUES(7,'begin','began','begun','cominciare',NULL);
INSERT INTO VerbiInglesi VALUES(8,'bend','bent','bent','piegare',NULL);
INSERT INTO VerbiInglesi VALUES(9,'bet','bet','bet','scommettere',NULL);
INSERT INTO VerbiInglesi VALUES(10,'bind','bound','bound','legare,rilegare',NULL);
INSERT INTO VerbiInglesi VALUES(11,'bite','bit','bitten','mordere',NULL);
INSERT INTO VerbiInglesi VALUES(12,'bleed','bled','bled','sanguinare',NULL);
INSERT INTO VerbiInglesi VALUES(13,'blow','blew','blown','soffiare,esplodere,scoppiare',NULL);
INSERT INTO VerbiInglesi VALUES(14,'break','broke','broken','rompere',NULL);
INSERT INTO VerbiInglesi VALUES(15,'breed','bred','bred','generare,allevare',NULL);
INSERT INTO VerbiInglesi VALUES(16,'bring','brought','brought','portare',NULL);
INSERT INTO VerbiInglesi VALUES(17,'broadcast','broadcast,broadcasted','broadcast,broadcasted','trasmettere,spedire,(a tutti)',NULL);
INSERT INTO VerbiInglesi VALUES(18,'build','built','built','costruire',NULL);
INSERT INTO VerbiInglesi VALUES(19,'burn','burnt','burnt','bruciare',NULL);
INSERT INTO VerbiInglesi VALUES(20,'burst','burst','burst','scoppiare',NULL);
INSERT INTO VerbiInglesi VALUES(21,'buy','bought','bought','comprare',NULL);
INSERT INTO VerbiInglesi VALUES(22,'cast','cast','cast','gettare,fondere',NULL);
INSERT INTO VerbiInglesi VALUES(23,'catch','caught','caught','prendere,catturare',NULL);
INSERT INTO VerbiInglesi VALUES(24,'choose','chose','chosen','scegliere',NULL);
INSERT INTO VerbiInglesi VALUES(25,'come','came','come','venire',NULL);
INSERT INTO VerbiInglesi VALUES(26,'cost','cost','cost','costare',NULL);
INSERT INTO VerbiInglesi VALUES(27,'creep','crept','crept','strisciare',NULL);
INSERT INTO VerbiInglesi VALUES(28,'cut','cut','cut','tagliare',NULL);
INSERT INTO VerbiInglesi VALUES(29,'deal','dealt','dealt','trattare,avere a che fare',NULL);
INSERT INTO VerbiInglesi VALUES(30,'dig','dug','dug','scavare',NULL);
INSERT INTO VerbiInglesi VALUES(31,'do','did','done','fare',NULL);
INSERT INTO VerbiInglesi VALUES(32,'draw','drew','drawn','disegnare',NULL);
INSERT INTO VerbiInglesi VALUES(33,'dream','dreamt','dreamt','sognare',NULL);
INSERT INTO VerbiInglesi VALUES(34,'drink','drank','drunk','bere',NULL);
INSERT INTO VerbiInglesi VALUES(35,'drive','drove','driven','guidare',NULL);
INSERT INTO VerbiInglesi VALUES(36,'eat','ate','eaten','mangiare',NULL);
INSERT INTO VerbiInglesi VALUES(37,'fall','fell','fallen','cadere',NULL);
INSERT INTO VerbiInglesi VALUES(38,'feed','fed','fed','nutrire,alimentare',NULL);
INSERT INTO VerbiInglesi VALUES(39,'feel','felt','felt','sentire',NULL);
INSERT INTO VerbiInglesi VALUES(40,'fight','fought','fought','combattere',NULL);
INSERT INTO VerbiInglesi VALUES(41,'find','found','found','trovare',NULL);
INSERT INTO VerbiInglesi VALUES(42,'flee ','fled','fled','fuggire,ritirarsi',NULL);
INSERT INTO VerbiInglesi VALUES(43,'fling','flung','flung','scagliare',NULL);
INSERT INTO VerbiInglesi VALUES(44,'fly','flew','flown','volare',NULL);
INSERT INTO VerbiInglesi VALUES(45,'forbid','forbade','forbidden','proibire',NULL);
INSERT INTO VerbiInglesi VALUES(46,'forecast','forecast','forecast','prevedere',NULL);
INSERT INTO VerbiInglesi VALUES(47,'forget','forgot','forgotten','dimenticare',NULL);
INSERT INTO VerbiInglesi VALUES(48,'forgive','forgave','forgiven','perdonare',NULL);
INSERT INTO VerbiInglesi VALUES(49,'freeze','froze','frozen','gelare, congelare',NULL);
INSERT INTO VerbiInglesi VALUES(50,'get','got','got','ottenere, ricevere, prendere',NULL);
INSERT INTO VerbiInglesi VALUES(51,'give','gave','given','dare',NULL);
INSERT INTO VerbiInglesi VALUES(52,'go','went','gone','andare',NULL);
INSERT INTO VerbiInglesi VALUES(53,'grow','grew','grown','crescere, coltivare',NULL);
INSERT INTO VerbiInglesi VALUES(54,'hang','hung','hung','appendere, impiccare',NULL);
INSERT INTO VerbiInglesi VALUES(55,'have','had','had','avere',NULL);
INSERT INTO VerbiInglesi VALUES(56,'hear','heard','heard','udire, sentire',NULL);
INSERT INTO VerbiInglesi VALUES(57,'hide','hid','hidden','nascondere',NULL);
INSERT INTO VerbiInglesi VALUES(58,'hit','hit','hit','colpire',NULL);
INSERT INTO VerbiInglesi VALUES(59,'hold','held','held','tenere, contenere, attendere, detenere',NULL);
INSERT INTO VerbiInglesi VALUES(60,'hurt','hurt','hurt','ferire',NULL);
INSERT INTO VerbiInglesi VALUES(61,'keep','kept','kept','tenere, mantenere, continuare',NULL);
INSERT INTO VerbiInglesi VALUES(62,'kneel','knelt','knelt','inginocchiarsi',NULL);
INSERT INTO VerbiInglesi VALUES(63,'know','knew','known','conoscere,sapere',NULL);
INSERT INTO VerbiInglesi VALUES(64,'lay','laid','laid','deporre,disporre',NULL);
INSERT INTO VerbiInglesi VALUES(65,'lead','led','led','condurre,comandare',NULL);
INSERT INTO VerbiInglesi VALUES(66,'learn','learnt','learnt','imparare',NULL);
INSERT INTO VerbiInglesi VALUES(67,'leave','left','left','lasciare',NULL);
INSERT INTO VerbiInglesi VALUES(68,'lend','lent','lent','prestare',NULL);
INSERT INTO VerbiInglesi VALUES(69,'let','let','let','lasciare, permettere',NULL);
INSERT INTO VerbiInglesi VALUES(70,'lie, (irregolare!)','lay','lain','giacere,stendersi,sdraiarsi',NULL);
INSERT INTO VerbiInglesi VALUES(71,'light','lit','lit','accendere,illuminare',NULL);
INSERT INTO VerbiInglesi VALUES(72,'lose','lost','lost','perdere',NULL);
INSERT INTO VerbiInglesi VALUES(73,'make','made','made','fare,(fabbricare)',NULL);
INSERT INTO VerbiInglesi VALUES(74,'mean','meant','meant','significare',NULL);
INSERT INTO VerbiInglesi VALUES(75,'meet','met','met','incontrare',NULL);
INSERT INTO VerbiInglesi VALUES(76,'mistake','mistook','mistaken','fraintendere, sbagliare',NULL);
INSERT INTO VerbiInglesi VALUES(77,'mow','mowed','mown','tagliare, (l''erba)',NULL);
INSERT INTO VerbiInglesi VALUES(78,'pay','paid','paid','pagare',NULL);
INSERT INTO VerbiInglesi VALUES(79,'put','put','put','mettere',NULL);
INSERT INTO VerbiInglesi VALUES(80,'read','read','read','leggere',NULL);
INSERT INTO VerbiInglesi VALUES(81,'ride','rode','ridden','cavalcare',NULL);
INSERT INTO VerbiInglesi VALUES(82,'ring','rang','rung','suonare, (il campanello)',NULL);
INSERT INTO VerbiInglesi VALUES(83,'rise','rose','risen','sorgere, alzarsi, salire, risorgere, aumentare',NULL);
INSERT INTO VerbiInglesi VALUES(84,'run','ran','run','correre',NULL);
INSERT INTO VerbiInglesi VALUES(85,'say','said','said','dire',NULL);
INSERT INTO VerbiInglesi VALUES(86,'seek','sought','sought','cercare, (provare a trovare)',NULL);
INSERT INTO VerbiInglesi VALUES(87,'see','saw','seen','vedere',NULL);
INSERT INTO VerbiInglesi VALUES(88,'sell','sold','sold','vendere',NULL);
INSERT INTO VerbiInglesi VALUES(89,'send','sent','sent','mandare,spedire',NULL);
INSERT INTO VerbiInglesi VALUES(90,'set','set','set','porre, sistemare',NULL);
INSERT INTO VerbiInglesi VALUES(91,'sew','sewed','sewn','cucire',NULL);
INSERT INTO VerbiInglesi VALUES(92,'shake','shook','shaken','scuotere',NULL);
INSERT INTO VerbiInglesi VALUES(93,'shine','shone','shone','splendere',NULL);
INSERT INTO VerbiInglesi VALUES(94,'shoot','shot','shot','sparare',NULL);
INSERT INTO VerbiInglesi VALUES(95,'show','showed','shown','mostrare',NULL);
INSERT INTO VerbiInglesi VALUES(96,'shrink','shrank','shrunk','restringersi,ritrarsi',NULL);
INSERT INTO VerbiInglesi VALUES(97,'shut','shut','shut','chiudere',NULL);
INSERT INTO VerbiInglesi VALUES(98,'sing','sang','sung','cantare',NULL);
INSERT INTO VerbiInglesi VALUES(99,'sink','sank','sunk','affondare',NULL);
INSERT INTO VerbiInglesi VALUES(100,'sit','sat','sat','sedersi,sedere',NULL);
INSERT INTO VerbiInglesi VALUES(101,'sleep','slept','slept','dormire',NULL);
INSERT INTO VerbiInglesi VALUES(102,'slide','slid','slid','scivolare',NULL);
INSERT INTO VerbiInglesi VALUES(103,'smell','smelt','smelt','odorare',NULL);
INSERT INTO VerbiInglesi VALUES(104,'sow','sowed','sown','seminare',NULL);
INSERT INTO VerbiInglesi VALUES(105,'speak','spoke','spoken','parlare',NULL);
INSERT INTO VerbiInglesi VALUES(106,'spell','spelled,spelt','spelled,spelt','compitare,sillabare',NULL);
INSERT INTO VerbiInglesi VALUES(107,'spend','spent','spent','spendere',NULL);
INSERT INTO VerbiInglesi VALUES(108,'spill','spilt','spilt','versare,traboccare',NULL);
INSERT INTO VerbiInglesi VALUES(109,'split','split','split','spaccare,dividere',NULL);
INSERT INTO VerbiInglesi VALUES(110,'spoil','spoilt','spoilt','rovinare,viziare',NULL);
INSERT INTO VerbiInglesi VALUES(111,'spread','spread','spread','diffondere',NULL);
INSERT INTO VerbiInglesi VALUES(112,'spring','sprang','sprung','scattare',NULL);
INSERT INTO VerbiInglesi VALUES(113,'stand','stood','stood','alzarsi',NULL);
INSERT INTO VerbiInglesi VALUES(114,'steal','stole','stolen','rubare',NULL);
INSERT INTO VerbiInglesi VALUES(115,'stick','stuck','stuck','incollare',NULL);
INSERT INTO VerbiInglesi VALUES(116,'sting','stung','stung','pungere',NULL);
INSERT INTO VerbiInglesi VALUES(117,'strike','struck','struck','colpire,battere',NULL);
INSERT INTO VerbiInglesi VALUES(118,'string','strung','strung','appendere',NULL);
INSERT INTO VerbiInglesi VALUES(119,'swear','swore','sworn','giurare',NULL);
INSERT INTO VerbiInglesi VALUES(120,'sweep','swept','swept','spazzare',NULL);
INSERT INTO VerbiInglesi VALUES(121,'swell','swelled','swollen','gonfiare',NULL);
INSERT INTO VerbiInglesi VALUES(122,'swim','swam','swum','nuotare',NULL);
INSERT INTO VerbiInglesi VALUES(123,'swing','swung','swung','dondolare, oscillare',NULL);
INSERT INTO VerbiInglesi VALUES(124,'take','took','taken','prendere',NULL);
INSERT INTO VerbiInglesi VALUES(125,'teach','taught','taught','insegnare',NULL);
INSERT INTO VerbiInglesi VALUES(126,'tear','tore','torn','strappare',NULL);
INSERT INTO VerbiInglesi VALUES(127,'tell','told','told','raccontare,dire',NULL);
INSERT INTO VerbiInglesi VALUES(128,'think','thought','thought','pensare',NULL);
INSERT INTO VerbiInglesi VALUES(129,'throw','threw','thrown','gettare',NULL);
INSERT INTO VerbiInglesi VALUES(130,'tread','trod','trodden','calpestare',NULL);
INSERT INTO VerbiInglesi VALUES(131,'understand','understood','understood','capire',NULL);
INSERT INTO VerbiInglesi VALUES(132,'wake','woke','woken','svegliare,svegliarsi',NULL);
INSERT INTO VerbiInglesi VALUES(133,'wear','wore','worn','indossare',NULL);
INSERT INTO VerbiInglesi VALUES(134,'weep','wept','wept','piangere',NULL);
INSERT INTO VerbiInglesi VALUES(135,'win','won','won','vincere',NULL);
INSERT INTO VerbiInglesi VALUES(136,'wind','wound','wound','avvolgere,serpeggiare,attorcigliare',NULL);
INSERT INTO VerbiInglesi VALUES(137,'write','wrote','written','scrivere',NULL);
DROP TABLE IF EXISTS sqlite_sequence;
CREATE TABLE sqlite_sequence(name,seq);
INSERT INTO sqlite_sequence VALUES('Esercizi',2);